Title,Start,End,Duration,Image,
In Nest,2012-10-24 20:02:13,2012-10-24 20:03:08,0:0:55,return-pic.jpg,
Out Nest,2012-10-24 20:03:00,2012-10-24 20:03:31,0:0:31,left-pic.jpg,
In Nest,2012-10-24 20:03:15,2012-10-24 20:09:21,0:6:366,return-pic.jpg,
Out Nest,2012-10-24 20:09:14,2012-10-24 20:09:45,0:0:31,left-pic.jpg,
In Nest,2012-10-24 20:11:42,2012-10-24 20:12:50,0:1:68,return-pic.jpg,
Out Nest,2012-10-24 20:12:42,2012-10-24 20:14:49,0:2:127,left-pic.jpg,
In Nest,2012-10-24 20:26:57
,2012-10-24 20:28:00,0:1:63,http://punkoryan.com/phidgetSBC2/2012-10-24-20-26-57.jpg,
Out Nest,2012-10-24 20:27:53,2012-10-24 20:28:41,0:0:48,http://punkoryan.com/phidgetSBC2/2012-10-24-20-27-53.jpg,
In Nest,2012-10-24 20:28:26,2012-10-24 20:56:17,0:27:1671,http://punkoryan.com/phidgetSBC2/2012-10-24-20-28-26.jpg,
Out Nest,2012-10-24 20:56:10,2012-10-24 23:06:09,2:129:7799,http://punkoryan.com/phidgetSBC2/2012-10-24-20-56-10.jpg,
In Nest,2012-10-24 23:05:50,2012-10-24 23:06:23,0:0:33,http://punkoryan.com/phidgetSBC2/2012-10-24-23-05-50.jpg,
Out Nest,2012-10-24 23:06:15,2012-10-24 23:07:35,0:1:80,http://punkoryan.com/phidgetSBC2/2012-10-24-23-06-15.jpg,
In Nest,2012-10-24 23:07:18,2012-10-24 23:07:49,0:0:31,http://punkoryan.com/phidgetSBC2/2012-10-24-23-07-18.jpg,
Out Nest,2012-10-24 23:07:41,2012-10-24 23:08:53,0:1:72,http://punkoryan.com/phidgetSBC2/2012-10-24-23-07-41.jpg,
In Nest,2012-10-24 23:08:38,2012-10-24 23:09:15,0:0:37,http://punkoryan.com/phidgetSBC2/2012-10-24-23-08-38.jpg,
Out Nest,2012-10-24 23:09:05,2012-10-24 23:13:59,0:4:294,http://punkoryan.com/phidgetSBC2/2012-10-24-23-09-05.jpg,
In Nest,2012-10-24 23:13:41,2012-10-24 23:14:18,0:0:37,http://punkoryan.com/phidgetSBC2/2012-10-24-23-13-41.jpg,
Out Nest,2012-10-24 23:14:06,2012-10-24 23:22:37,0:8:511,http://punkoryan.com/phidgetSBC2/2012-10-24-23-14-06.jpg,
In Nest,2012-10-24 23:22:20,2012-10-24 23:22:52,0:0:32,http://punkoryan.com/phidgetSBC2/2012-10-24-23-22-20.jpg,
Out Nest,2012-10-24 23:22:43,2012-10-24 23:28:41,0:5:358,http://punkoryan.com/phidgetSBC2/2012-10-24-23-22-43.jpg,
In Nest,2012-10-24 23:28:24,2012-10-24 23:29:02,0:0:38,http://punkoryan.com/phidgetSBC2/2012-10-24-23-28-24.jpg,
Out Nest,2012-10-24 23:28:53,2012-10-24 23:29:26,0:0:33,http://punkoryan.com/phidgetSBC2/2012-10-24-23-28-53.jpg,
In Nest,2012-10-24 23:55:56
,2012-10-24 23:57:15,0:1:79,http://punkoryan.com/phidgetSBC2/2012-10-24-23-55-56.jpg,
Out Nest,2012-10-24 23:57:06,2012-10-25 00:00:58,0:3:232,http://punkoryan.com/phidgetSBC2/2012-10-24-23-57-06.jpg,
In Nest,2012-10-25 00:00:41,2012-10-25 00:01:13,0:0:32,http://punkoryan.com/phidgetSBC2/2012-10-25-00-00-41.jpg,
Out Nest,2012-10-25 00:01:04,2012-10-25 00:03:20,0:2:136,http://punkoryan.com/phidgetSBC2/2012-10-25-00-01-04.jpg,
In Nest,2012-10-25 00:03:03,2012-10-25 00:03:35,0:0:32,http://punkoryan.com/phidgetSBC2/2012-10-25-00-03-03.jpg,
Out Nest,2012-10-25 00:03:26,2012-10-25 00:05:28,0:2:122,http://punkoryan.com/phidgetSBC2/2012-10-25-00-03-26.jpg,
In Nest,2012-10-25 00:05:12,2012-10-25 00:05:45,0:0:33,http://punkoryan.com/phidgetSBC2/2012-10-25-00-05-12.jpg,
Out Nest,2012-10-25 00:05:34,2012-10-25 00:06:16,0:0:42,http://punkoryan.com/phidgetSBC2/2012-10-25-00-05-34.jpg,
In Nest,2012-10-25 00:05:58,2012-10-25 00:20:23,0:14:865,http://punkoryan.com/phidgetSBC2/2012-10-25-00-05-58.jpg,
Out Nest,2012-10-25 00:20:13,2012-10-25 00:25:35,0:5:322,http://punkoryan.com/phidgetSBC2/2012-10-25-00-20-13.jpg,
In Nest,2012-10-25 00:25:19,2012-10-25 00:25:51,0:0:32,http://punkoryan.com/phidgetSBC2/2012-10-25-00-25-19.jpg,
Out Nest,2012-10-25 00:25:41,2012-10-25 00:26:38,0:0:57,http://punkoryan.com/phidgetSBC2/2012-10-25-00-25-41.jpg,
In Nest,2012-10-25 00:26:22,2012-10-25 00:26:53,0:0:31,http://punkoryan.com/phidgetSBC2/2012-10-25-00-26-22.jpg,
Out Nest,2012-10-25 00:26:44,2012-10-25 00:27:16,0:0:32,http://punkoryan.com/phidgetSBC2/2012-10-25-00-26-44.jpg,
In Nest,2012-10-25 00:27:00,2012-10-25 00:27:43,0:0:43,http://punkoryan.com/phidgetSBC2/2012-10-25-00-27-00.jpg,
Out Nest,2012-10-25 00:27:35In Nest,2012-10-25 01:07:12
Out Nest,2012-10-25 01:08:03
,2012-10-25 17:10:22,16:962:57739,http://punkoryan.com/phidgetSBC2/2012-10-25-01-08-03.jpg,
In Nest,2012-10-25 17:09:32,2012-10-25 17:11:51,0:2:139,http://punkoryan.com/phidgetSBC2/2012-10-25-17-09-32.jpg,
Out Nest,2012-10-25 17:11:11,2012-10-25 17:12:46,0:1:95,http://punkoryan.com/phidgetSBC2/2012-10-25-17-11-11.jpg,
In Nest,2012-10-25 17:11:58,2012-10-25 17:17:39,0:5:341,http://punkoryan.com/phidgetSBC2/2012-10-25-17-11-58.jpg,
Out Nest,2012-10-25 17:16:59,2012-10-25 17:18:35,0:1:96,http://punkoryan.com/phidgetSBC2/2012-10-25-17-16-59.jpg,
In Nest,2012-10-25 17:17:47,2012-10-25 17:34:41,0:16:1014,http://punkoryan.com/phidgetSBC2/2012-10-25-17-17-47.jpg,
Out Nest,2012-10-25 17:34:02,2012-10-25 17:36:03,0:2:121,http://punkoryan.com/phidgetSBC2/2012-10-25-17-34-02.jpg,
In Nest,2012-10-25 17:35:12,2012-10-25 17:38:20,0:3:188,http://punkoryan.com/phidgetSBC2/2012-10-25-17-35-12.jpg,
Out Nest,2012-10-25 17:37:39,2012-10-25 17:39:21,0:1:102,http://punkoryan.com/phidgetSBC2/2012-10-25-17-37-39.jpg,
In Nest,2012-10-25 17:38:28,2012-10-25 17:51:22,0:12:774,http://punkoryan.com/phidgetSBC2/2012-10-25-17-38-28.jpg,
Out Nest,2012-10-25 17:50:41,2012-10-25 17:52:20,0:1:99,http://punkoryan.com/phidgetSBC2/2012-10-25-17-50-41.jpg,
In Nest,2012-10-25 17:51:29,2012-10-25 17:58:01,0:6:392,http://punkoryan.com/phidgetSBC2/2012-10-25-17-51-29.jpg,
Out Nest,2012-10-25 17:57:21,2012-10-25 17:58:56,0:1:95,http://punkoryan.com/phidgetSBC2/2012-10-25-17-57-21.jpg,
In Nest,2012-10-25 17:58:08,2012-10-25 18:01:13,0:3:185,http://punkoryan.com/phidgetSBC2/2012-10-25-17-58-08.jpg,
Out Nest,2012-10-25 18:00:32,2012-10-25 18:14:02,0:13:810,http://punkoryan.com/phidgetSBC2/2012-10-25-18-00-32.jpg,
In Nest,2012-10-25 18:13:11,2012-10-25 18:19:43,0:6:392,http://punkoryan.com/phidgetSBC2/2012-10-25-18-13-11.jpg,
Out Nest,2012-10-25 18:19:03,2012-10-25 18:21:58,0:2:175,http://punkoryan.com/phidgetSBC2/2012-10-25-18-19-03.jpg,
In Nest,2012-10-25 18:21:09,2012-10-25 18:23:26,0:2:137,http://punkoryan.com/phidgetSBC2/2012-10-25-18-21-09.jpg,
Out Nest,2012-10-25 18:22:46,2012-10-25 18:24:23,0:1:97,http://punkoryan.com/phidgetSBC2/2012-10-25-18-22-46.jpg,
In Nest,2012-10-25 18:23:33,2012-10-25 18:25:09,0:1:96,http://punkoryan.com/phidgetSBC2/2012-10-25-18-23-33.jpg,
Out Nest,2012-10-25 18:24:29,2012-10-25 18:28:29,0:4:240,http://punkoryan.com/phidgetSBC2/2012-10-25-18-24-29.jpg,
In Nest,2012-10-25 18:27:41,2012-10-25 18:30:58,0:3:197,http://punkoryan.com/phidgetSBC2/2012-10-25-18-27-41.jpg,
Out Nest,2012-10-25 18:30:17,2012-10-25 18:33:30,0:3:193,http://punkoryan.com/phidgetSBC2/2012-10-25-18-30-17.jpg,
In Nest,2012-10-25 18:32:42,2012-10-25 18:34:17,0:1:95,http://punkoryan.com/phidgetSBC2/2012-10-25-18-32-42.jpg,
Out Nest,2012-10-25 18:33:36,2012-10-25 18:35:13,0:1:97,http://punkoryan.com/phidgetSBC2/2012-10-25-18-33-36.jpg,
In Nest,2012-10-25 18:34:24,2012-10-25 18:36:06,0:1:102,http://punkoryan.com/phidgetSBC2/2012-10-25-18-34-24.jpg,
Out Nest,2012-10-25 18:35:25,2012-10-25 18:37:38,0:2:133,http://punkoryan.com/phidgetSBC2/2012-10-25-18-35-25.jpg,
In Nest,2012-10-25 18:36:49,2012-10-25 18:42:56,0:6:367,http://punkoryan.com/phidgetSBC2/2012-10-25-18-36-49.jpg,
Out Nest,2012-10-25 18:42:15,2012-10-25 18:43:52,0:1:97,http://punkoryan.com/phidgetSBC2/2012-10-25-18-42-15.jpg,
In Nest,2012-10-25 18:43:03,2012-10-25 18:47:13,0:4:250,http://punkoryan.com/phidgetSBC2/2012-10-25-18-43-03.jpg,
Out Nest,2012-10-25 18:46:35,2012-10-25 18:48:09,0:1:94,http://punkoryan.com/phidgetSBC2/2012-10-25-18-46-35.jpg,
In Nest,2012-10-25 18:47:21,2012-10-25 19:01:22,0:14:841,http://punkoryan.com/phidgetSBC2/2012-10-25-18-47-21.jpg,
Out Nest,2012-10-25 19:00:42,2012-10-25 19:02:17,0:1:95,http://punkoryan.com/phidgetSBC2/2012-10-25-19-00-42.jpg,
In Nest,2012-10-25 19:01:29,2012-10-25 19:13:42,0:12:733,http://punkoryan.com/phidgetSBC2/2012-10-25-19-01-29.jpg,
Out Nest,2012-10-25 19:13:02,2012-10-25 19:14:38,0:1:96,http://punkoryan.com/phidgetSBC2/2012-10-25-19-13-02.jpg,
In Nest,2012-10-25 19:13:49,2012-10-25 19:34:10,0:20:1221,http://punkoryan.com/phidgetSBC2/2012-10-25-19-13-49.jpg,
Out Nest,2012-10-25 19:33:29,2012-10-25 19:35:06,0:1:97,http://punkoryan.com/phidgetSBC2/2012-10-25-19-33-29.jpg,
In Nest,2012-10-25 19:34:17,2012-10-25 19:37:34,0:3:197,http://punkoryan.com/phidgetSBC2/2012-10-25-19-34-17.jpg,
Out Nest,2012-10-25 19:36:54,2012-10-25 19:38:30,0:1:96,http://punkoryan.com/phidgetSBC2/2012-10-25-19-36-54.jpg,
In Nest,2012-10-25 19:37:41,2012-10-25 19:47:30,0:9:589,http://punkoryan.com/phidgetSBC2/2012-10-25-19-37-41.jpg,
Out Nest,2012-10-25 19:46:50,2012-10-25 19:48:27,0:1:97,http://punkoryan.com/phidgetSBC2/2012-10-25-19-46-50.jpg,
In Nest,2012-10-25 19:47:37,2012-10-25 19:49:43,0:2:126,http://punkoryan.com/phidgetSBC2/2012-10-25-19-47-37.jpg,
Out Nest,2012-10-25 19:49:03,2012-10-25 19:50:39,0:1:96,http://punkoryan.com/phidgetSBC2/2012-10-25-19-49-03.jpg,
In Nest,2012-10-25 19:49:50,2012-10-25 19:51:37,0:1:107,http://punkoryan.com/phidgetSBC2/2012-10-25-19-49-50.jpg,
Out Nest,2012-10-25 19:50:57,2012-10-25 19:52:34,0:1:97,http://punkoryan.com/phidgetSBC2/2012-10-25-19-50-57.jpg,
In Nest,2012-10-25 19:51:44,2012-10-25 19:53:20,0:1:96,http://punkoryan.com/phidgetSBC2/2012-10-25-19-51-44.jpg,
Out Nest,2012-10-25 19:52:40,2012-10-25 20:08:39,0:15:959,http://punkoryan.com/phidgetSBC2/2012-10-25-19-52-40.jpg,
In Nest,2012-10-25 20:07:48,2012-10-25 20:11:19,0:3:211,http://punkoryan.com/phidgetSBC2/2012-10-25-20-07-48.jpg,
Out Nest,2012-10-25 20:10:39,2012-10-25 20:12:15,0:1:96,http://punkoryan.com/phidgetSBC2/2012-10-25-20-10-39.jpg,
In Nest,2012-10-25 20:11:26,2012-10-25 20:14:39,0:3:193,http://punkoryan.com/phidgetSBC2/2012-10-25-20-11-26.jpg,
Out Nest,2012-10-25 20:13:58,2012-10-25 20:16:29,0:2:151,http://punkoryan.com/phidgetSBC2/2012-10-25-20-13-58.jpg,
In Nest,2012-10-25 20:15:41,2012-10-25 20:17:15,0:1:94,http://punkoryan.com/phidgetSBC2/2012-10-25-20-15-41.jpg,
Out Nest,2012-10-25 20:16:36,2012-10-25 20:19:58,0:3:202,http://punkoryan.com/phidgetSBC2/2012-10-25-20-16-36.jpg,
In Nest,2012-10-25 20:19:05,2012-10-25 20:20:45,0:1:100,http://punkoryan.com/phidgetSBC2/2012-10-25-20-19-05.jpg,
Out Nest,2012-10-25 20:20:04,2012-10-25 20:22:04,0:2:120,http://punkoryan.com/phidgetSBC2/2012-10-25-20-20-04.jpg,
In Nest,2012-10-25 20:21:04,2012-10-25 20:23:51,0:2:167,http://punkoryan.com/phidgetSBC2/2012-10-25-20-21-04.jpg,
Out Nest,2012-10-25 20:23:10,2012-10-25 20:28:18,0:5:308,http://punkoryan.com/phidgetSBC2/2012-10-25-20-23-10.jpg,
In Nest,2012-10-25 20:27:29,2012-10-25 20:29:04,0:1:95,http://punkoryan.com/phidgetSBC2/2012-10-25-20-27-29.jpg,
Out Nest,2012-10-25 20:28:24,2012-10-25 20:31:43,0:3:199,http://punkoryan.com/phidgetSBC2/2012-10-25-20-28-24.jpg,
In Nest,2012-10-25 20:30:53,2012-10-25 20:33:11,0:2:138,http://punkoryan.com/phidgetSBC2/2012-10-25-20-30-53.jpg,
Out Nest,2012-10-25 20:32:31,2012-10-25 21:42:23,1:69:4192,http://punkoryan.com/phidgetSBC2/2012-10-25-20-32-31.jpg,
In Nest,2012-10-25 21:41:33,2012-10-25 21:43:14,0:1:101,http://punkoryan.com/phidgetSBC2/2012-10-25-21-41-33.jpg,
Out Nest,2012-10-25 21:42:35,2012-10-25 21:44:12,0:1:97,http://punkoryan.com/phidgetSBC2/2012-10-25-21-42-35.jpg,
In Nest,2012-10-25 21:43:22,2012-10-25 21:45:20,0:1:118,http://punkoryan.com/phidgetSBC2/2012-10-25-21-43-22.jpg,
Out Nest,2012-10-25 21:44:42,2012-10-25 21:49:27,0:4:285,http://punkoryan.com/phidgetSBC2/2012-10-25-21-44-42.jpg,
In Nest,2012-10-25 21:48:28,2012-10-25 21:55:02,0:6:394,http://punkoryan.com/phidgetSBC2/2012-10-25-21-48-28.jpg,
Out Nest,2012-10-25 21:54:22,2012-10-25 21:55:57,0:1:95,http://punkoryan.com/phidgetSBC2/2012-10-25-21-54-22.jpg,
In Nest,2012-10-25 21:55:09,2012-10-25 22:08:52,0:13:823,http://punkoryan.com/phidgetSBC2/2012-10-25-21-55-09.jpg,
Out Nest,2012-10-25 22:08:12,2012-10-25 22:09:49,0:1:97,http://punkoryan.com/phidgetSBC2/2012-10-25-22-08-12.jpg,
In Nest,2012-10-25 22:08:59,2012-10-25 22:11:24,0:2:145,http://punkoryan.com/phidgetSBC2/2012-10-25-22-08-59.jpg,
Out Nest,2012-10-25 22:10:43,2012-10-25 22:12:20,0:1:97,http://punkoryan.com/phidgetSBC2/2012-10-25-22-10-43.jpg,
In Nest,2012-10-25 22:11:31,2012-10-25 22:13:26,0:1:115,http://punkoryan.com/phidgetSBC2/2012-10-25-22-11-31.jpg,
Out Nest,2012-10-25 22:12:45,2012-10-25 22:14:24,0:1:99,http://punkoryan.com/phidgetSBC2/2012-10-25-22-12-45.jpg,
In Nest,2012-10-25 22:13:33,2012-10-25 22:17:55,0:4:262,http://punkoryan.com/phidgetSBC2/2012-10-25-22-13-33.jpg,
Out Nest,2012-10-25 22:17:13,2012-10-25 22:18:51,0:1:98,http://punkoryan.com/phidgetSBC2/2012-10-25-22-17-13.jpg,
In Nest,2012-10-25 22:18:02,2012-10-25 22:22:01,0:3:239,http://punkoryan.com/phidgetSBC2/2012-10-25-22-18-02.jpg,
Out Nest,2012-10-25 22:21:22,2012-10-25 22:30:25,0:9:543,http://punkoryan.com/phidgetSBC2/2012-10-25-22-21-22.jpg,
In Nest,2012-10-25 22:29:34,2012-10-25 22:31:12,0:1:98,http://punkoryan.com/phidgetSBC2/2012-10-25-22-29-34.jpg,
Out Nest,2012-10-25 22:30:31,2012-10-25 22:34:46,0:4:255,http://punkoryan.com/phidgetSBC2/2012-10-25-22-30-31.jpg,
In Nest,2012-10-25 22:33:56,2012-10-25 22:35:33,0:1:97,http://punkoryan.com/phidgetSBC2/2012-10-25-22-33-56.jpg,
Out Nest,2012-10-25 22:34:52,2012-10-25 22:53:15,0:18:1103,http://punkoryan.com/phidgetSBC2/2012-10-25-22-34-52.jpg,
In Nest,2012-10-25 22:52:26,2012-10-25 22:54:02,0:1:96,http://punkoryan.com/phidgetSBC2/2012-10-25-22-52-26.jpg,
Out Nest,2012-10-25 22:53:21,2012-10-25 23:02:54,0:9:573,http://punkoryan.com/phidgetSBC2/2012-10-25-22-53-21.jpg,
In Nest,2012-10-25 23:02:04,2012-10-25 23:03:41,0:1:97,http://punkoryan.com/phidgetSBC2/2012-10-25-23-02-04.jpg,
Out Nest,2012-10-25 23:03:00,2012-10-26 00:30:38,1:87:5258,http://punkoryan.com/phidgetSBC2/2012-10-25-23-03-00.jpg,
In Nest,2012-10-26 00:29:47,2012-10-26 00:32:08,0:2:141,http://punkoryan.com/phidgetSBC2/2012-10-26-00-29-47.jpg,
Out Nest,2012-10-26 00:31:26,2012-10-26 05:04:12,4:272:16366,http://punkoryan.com/phidgetSBC2/2012-10-26-00-31-26.jpg,
In Nest,2012-10-26 05:03:23,2012-10-26 05:04:59,0:1:96,http://punkoryan.com/phidgetSBC2/2012-10-26-05-03-23.jpg,
Out Nest,2012-10-26 05:04:18,2012-10-26 05:30:00,0:25:1542,http://punkoryan.com/phidgetSBC2/2012-10-26-05-04-18.jpg,
In Nest,2012-10-26 05:29:12,2012-10-26 05:31:36,0:2:144,http://punkoryan.com/phidgetSBC2/2012-10-26-05-29-12.jpg,
Out Nest,2012-10-26 05:30:55,2012-10-26 05:32:32,0:1:97,http://punkoryan.com/phidgetSBC2/2012-10-26-05-30-55.jpg,
In Nest,2012-10-26 05:31:43,2012-10-26 05:37:56,0:6:373,http://punkoryan.com/phidgetSBC2/2012-10-26-05-31-43.jpg,
Out Nest,2012-10-26 05:37:16,2012-10-26 05:39:28,0:2:132,http://punkoryan.com/phidgetSBC2/2012-10-26-05-37-16.jpg,
In Nest,2012-10-26 05:38:39,2012-10-26 05:40:15,0:1:96,http://punkoryan.com/phidgetSBC2/2012-10-26-05-38-39.jpg,
Out Nest,2012-10-26 05:39:34,2012-10-26 17:59:23,12:739:44389,http://punkoryan.com/phidgetSBC2/2012-10-26-05-39-34.jpg,
In Nest,2012-10-26 17:58:36,2012-10-26 18:00:08,0:1:92,http://punkoryan.com/phidgetSBC2/2012-10-26-17-58-36.jpg,
Out Nest,2012-10-26 17:59:29,2012-10-26 19:36:16,1:96:5807,http://punkoryan.com/phidgetSBC2/2012-10-26-17-59-29.jpg,
In Nest,2012-10-26 19:35:29,2012-10-26 19:37:15,0:1:106,http://punkoryan.com/phidgetSBC2/2012-10-26-19-35-29.jpg,
Out Nest,2012-10-26 19:36:34,2012-10-26 20:08:41,0:32:1927,http://punkoryan.com/phidgetSBC2/2012-10-26-19-36-34.jpg,
In Nest,2012-10-26 20:07:53,2012-10-26 20:10:26,0:2:153,http://punkoryan.com/phidgetSBC2/2012-10-26-20-07-53.jpg,
Out Nest,2012-10-26 20:09:47,2012-10-26 20:13:05,0:3:198,http://punkoryan.com/phidgetSBC2/2012-10-26-20-09-47.jpg,
In Nest,2012-10-26 20:12:16,2012-10-26 20:14:21,0:2:125,http://punkoryan.com/phidgetSBC2/2012-10-26-20-12-16.jpg,
Out Nest,2012-10-26 20:13:41,2012-10-26 20:15:31,0:1:110,http://punkoryan.com/phidgetSBC2/2012-10-26-20-13-41.jpg,
In Nest,2012-10-26 20:14:46,2012-10-26 20:19:25,0:4:279,http://punkoryan.com/phidgetSBC2/2012-10-26-20-14-46.jpg,
Out Nest,2012-10-26 20:18:44,2012-10-26 20:20:45,0:2:121,http://punkoryan.com/phidgetSBC2/2012-10-26-20-18-44.jpg,
In Nest,2012-10-26 20:19:56,2012-10-26 20:21:31,0:1:95,http://punkoryan.com/phidgetSBC2/2012-10-26-20-19-56.jpg,
Out Nest,2012-10-26 20:20:51,2012-10-26 20:22:29,0:1:98,http://punkoryan.com/phidgetSBC2/2012-10-26-20-20-51.jpg,
In Nest,2012-10-26 20:21:38,2012-10-26 20:50:15,0:28:1717,http://punkoryan.com/phidgetSBC2/2012-10-26-20-21-38.jpg,
Out Nest,2012-10-26 20:49:35,2012-10-26 20:51:11,0:1:96,http://punkoryan.com/phidgetSBC2/2012-10-26-20-49-35.jpg,
In Nest,2012-10-26 20:50:23,2012-10-26 20:51:59,0:1:96,http://punkoryan.com/phidgetSBC2/2012-10-26-20-50-23.jpg,
Out Nest,2012-10-26 20:51:18,2012-10-26 20:53:12,0:1:114,http://punkoryan.com/phidgetSBC2/2012-10-26-20-51-18.jpg,
In Nest,2012-10-26 20:52:24,2012-10-26 20:53:59,0:1:95,http://punkoryan.com/phidgetSBC2/2012-10-26-20-52-24.jpg,
Out Nest,2012-10-26 20:53:18,2012-10-26 20:54:55,0:1:97,http://punkoryan.com/phidgetSBC2/2012-10-26-20-53-18.jpg,
In Nest,2012-10-26 20:54:06,2012-10-26 20:55:42,0:1:96,http://punkoryan.com/phidgetSBC2/2012-10-26-20-54-06.jpg,
Out Nest,2012-10-26 20:55:01,2012-10-26 20:59:50,0:4:289,http://punkoryan.com/phidgetSBC2/2012-10-26-20-55-01.jpg,
In Nest,2012-10-26 20:59:02,2012-10-26 21:00:37,0:1:95,http://punkoryan.com/phidgetSBC2/2012-10-26-20-59-02.jpg,
Out Nest,2012-10-26 20:59:56,2012-10-26 21:03:21,0:3:205,http://punkoryan.com/phidgetSBC2/2012-10-26-20-59-56.jpg,
In Nest,2012-10-26 21:02:32,2012-10-26 21:04:32,0:2:120,http://punkoryan.com/phidgetSBC2/2012-10-26-21-02-32.jpg,
Out Nest,2012-10-26 21:03:51,2012-10-26 21:05:28,0:1:97,http://punkoryan.com/phidgetSBC2/2012-10-26-21-03-51.jpg,
In Nest,2012-10-26 21:04:39,2012-10-26 21:11:33,0:6:414,http://punkoryan.com/phidgetSBC2/2012-10-26-21-04-39.jpg,
Out Nest,2012-10-26 21:10:53,2012-10-26 21:12:29,0:1:96,http://punkoryan.com/phidgetSBC2/2012-10-26-21-10-53.jpg,
In Nest,2012-10-26 21:11:41,2012-10-26 21:27:37,0:15:956,http://punkoryan.com/phidgetSBC2/2012-10-26-21-11-41.jpg,
Out Nest,2012-10-26 21:26:57,2012-10-26 21:28:34,0:1:97,http://punkoryan.com/phidgetSBC2/2012-10-26-21-26-57.jpg,
In Nest,2012-10-26 21:27:44,2012-10-26 21:30:45,0:3:181,http://punkoryan.com/phidgetSBC2/2012-10-26-21-27-44.jpg,
Out Nest,2012-10-26 21:30:05,2012-10-26 21:31:43,0:1:98,http://punkoryan.com/phidgetSBC2/2012-10-26-21-30-05.jpg,
In Nest,2012-10-26 21:30:58,2012-10-26 21:32:28,0:1:90,http://punkoryan.com/phidgetSBC2/2012-10-26-21-30-58.jpg,
Out Nest,2012-10-26 21:31:49,2012-10-26 21:35:23,0:3:214,http://punkoryan.com/phidgetSBC2/2012-10-26-21-31-49.jpg,
In Nest,2012-10-26 21:34:36,2012-10-26 21:36:11,0:1:95,http://punkoryan.com/phidgetSBC2/2012-10-26-21-34-36.jpg,
Out Nest,2012-10-26 21:35:29,2012-10-26 21:41:44,0:6:375,http://punkoryan.com/phidgetSBC2/2012-10-26-21-35-29.jpg,
In Nest,2012-10-26 21:40:55,2012-10-26 21:47:38,0:6:403,http://punkoryan.com/phidgetSBC2/2012-10-26-21-40-55.jpg,
Out Nest,2012-10-26 21:46:57,2012-10-26 21:48:34,0:1:97,http://punkoryan.com/phidgetSBC2/2012-10-26-21-46-57.jpg,
In Nest,2012-10-26 21:47:45,2012-10-26 22:14:08,0:26:1583,http://punkoryan.com/phidgetSBC2/2012-10-26-21-47-45.jpg,
Out Nest,2012-10-26 22:13:28,2012-10-26 22:15:04,0:1:96,http://punkoryan.com/phidgetSBC2/2012-10-26-22-13-28.jpg,
In Nest,2012-10-26 22:14:15,2012-10-26 22:23:54,0:9:579,http://punkoryan.com/phidgetSBC2/2012-10-26-22-14-15.jpg,
Out Nest,2012-10-26 22:23:11,2012-10-26 22:24:49,0:1:98,http://punkoryan.com/phidgetSBC2/2012-10-26-22-23-12.jpg,
In Nest,2012-10-26 22:24:01,2012-10-26 22:25:58,0:1:117,http://punkoryan.com/phidgetSBC2/2012-10-26-22-24-01.jpg,
Out Nest,2012-10-26 22:25:19,2012-10-26 22:26:53,0:1:94,http://punkoryan.com/phidgetSBC2/2012-10-26-22-25-19.jpg,
In Nest,2012-10-26 22:26:05,2012-10-26 22:30:22,0:4:257,http://punkoryan.com/phidgetSBC2/2012-10-26-22-26-05.jpg,
Out Nest,2012-10-26 22:29:42,2012-10-26 22:31:18,0:1:96,http://punkoryan.com/phidgetSBC2/2012-10-26-22-29-42.jpg,
In Nest,2012-10-26 22:30:29,2012-10-26 22:35:53,0:5:324,http://punkoryan.com/phidgetSBC2/2012-10-26-22-30-29.jpg,
Out Nest,2012-10-26 22:35:13,2012-10-26 22:36:49,0:1:96,http://punkoryan.com/phidgetSBC2/2012-10-26-22-35-13.jpg,
In Nest,2012-10-26 22:36:00,2012-10-26 22:51:20,0:15:920,http://punkoryan.com/phidgetSBC2/2012-10-26-22-36-00.jpg,
Out Nest,2012-10-26 22:50:40,2012-10-26 22:52:52,0:2:132,http://punkoryan.com/phidgetSBC2/2012-10-26-22-50-40.jpg,
In Nest,2012-10-26 22:52:03,2012-10-26 22:53:53,0:1:110,http://punkoryan.com/phidgetSBC2/2012-10-26-22-52-03.jpg,
Out Nest,2012-10-26 22:53:10,2012-10-26 22:54:48,0:1:98,http://punkoryan.com/phidgetSBC2/2012-10-26-22-53-10.jpg,
In Nest,2012-10-26 22:54:00,2012-10-26 22:55:46,0:1:106,http://punkoryan.com/phidgetSBC2/2012-10-26-22-54-00.jpg,
Out Nest,2012-10-26 22:55:06,2012-10-26 22:56:47,0:1:101,http://punkoryan.com/phidgetSBC2/2012-10-26-22-55-06.jpg,
In Nest,2012-10-26 22:55:59,2012-10-26 22:57:58,0:1:119,http://punkoryan.com/phidgetSBC2/2012-10-26-22-55-59.jpg,
Out Nest,2012-10-26 22:57:17,2012-10-26 22:58:53,0:1:96,http://punkoryan.com/phidgetSBC2/2012-10-26-22-57-17.jpg,
In Nest,2012-10-26 22:58:05,2012-10-26 23:00:03,0:1:118,http://punkoryan.com/phidgetSBC2/2012-10-26-22-58-05.jpg,
Out Nest,2012-10-26 22:59:23,2012-10-26 23:01:26,0:2:123,http://punkoryan.com/phidgetSBC2/2012-10-26-22-59-23.jpg,
In Nest,2012-10-26 23:00:34,2012-10-26 23:02:12,0:1:98,http://punkoryan.com/phidgetSBC2/2012-10-26-23-00-34.jpg,
Out Nest,2012-10-26 23:01:32,2012-10-26 23:32:32,0:31:1860,http://punkoryan.com/phidgetSBC2/2012-10-26-23-01-32.jpg,
In Nest,2012-10-26 23:31:43,2012-10-26 23:33:45,0:2:122,http://punkoryan.com/phidgetSBC2/2012-10-26-23-31-43.jpg,
Out Nest,2012-10-26 23:33:03,2012-10-26 23:35:00,0:1:117,http://punkoryan.com/phidgetSBC2/2012-10-26-23-33-03.jpg,
In Nest,2012-10-26 23:34:10,2012-10-26 23:35:47,0:1:97,http://punkoryan.com/phidgetSBC2/2012-10-26-23-34-10.jpg,
Out Nest,2012-10-26 23:35:06,2012-10-27 13:37:15,14:842:50529,http://punkoryan.com/phidgetSBC2/2012-10-26-23-35-06.jpg,
In Nest,2012-10-27 13:36:28,2012-10-27 13:38:01,0:1:93,http://punkoryan.com/phidgetSBC2/2012-10-27-13-36-28.jpg,
Out Nest,2012-10-27 13:37:21,2012-10-27 17:38:22,4:241:14461,http://punkoryan.com/phidgetSBC2/2012-10-27-13-37-21.jpg,
In Nest,2012-10-27 17:37:33,2012-10-27 17:39:09,0:1:96,http://punkoryan.com/phidgetSBC2/2012-10-27-17-37-33.jpg,
Out Nest,2012-10-27 17:38:28,2012-10-29 00:21:23,30:1842:110575,http://punkoryan.com/phidgetSBC2/2012-10-27-17-38-28.jpg,
In Nest,2012-10-29 00:20:34,2012-10-29 00:22:11,0:1:97,http://punkoryan.com/phidgetSBC2/2012-10-29-00-20-34.jpg,
Out Nest,2012-10-29 00:21:30,2012-10-29 05:32:53,5:311:18683,http://punkoryan.com/phidgetSBC2/2012-10-29-00-21-30.jpg,
In Nest,2012-10-29 05:32:04,2012-10-29 05:33:58,0:1:114,http://punkoryan.com/phidgetSBC2/2012-10-29-05-32-04.jpg,
Out Nest,2012-10-29 05:33:17,2012-10-29 05:34:54,0:1:97,http://punkoryan.com/phidgetSBC2/2012-10-29-05-33-17.jpg,
In Nest,2012-10-29 05:34:05,2012-10-29 05:35:41,0:1:96,http://punkoryan.com/phidgetSBC2/2012-10-29-05-34-05.jpg,
Out Nest,2012-10-29 05:35:00,2012-10-29 16:19:13,10:644:38653,http://punkoryan.com/phidgetSBC2/2012-10-29-05-35-00.jpg,
In Nest,2012-10-29 16:18:24,2012-10-29 16:20:00,0:1:96,http://punkoryan.com/phidgetSBC2/2012-10-29-16-18-24.jpg,
Out Nest,2012-10-29 16:19:19,2012-10-29 18:46:32,2:147:8833,http://punkoryan.com/phidgetSBC2/2012-10-29-16-19-19.jpg,
In Nest,2012-10-29 18:45:43,2012-10-29 18:47:20,0:1:97,http://punkoryan.com/phidgetSBC2/2012-10-29-18-45-43.jpg,
Out Nest,2012-10-29 18:46:39,2012-10-29 19:51:35,1:64:3896,http://punkoryan.com/phidgetSBC2/2012-10-29-18-46-39.jpg,
In Nest,2012-10-29 19:50:46,2012-10-29 19:54:41,0:3:235,http://punkoryan.com/phidgetSBC2/2012-10-29-19-50-46.jpg,
Out Nest,2012-10-29 19:53:59,2012-10-29 20:11:39,0:17:1060,http://punkoryan.com/phidgetSBC2/2012-10-29-19-53-59.jpg,
In Nest,2012-10-29 20:10:22,2012-10-29 20:12:28,0:2:126,http://punkoryan.com/phidgetSBC2/2012-10-29-20-10-22.jpg,
Out Nest,2012-10-29 20:11:46,2012-10-29 23:32:05,3:200:12019,http://punkoryan.com/phidgetSBC2/2012-10-29-20-11-46.jpg,
In Nest,2012-10-29 23:31:16,2012-10-29 23:32:52,0:1:96,http://punkoryan.com/phidgetSBC2/2012-10-29-23-31-16.jpg,
Out Nest,2012-10-29 23:32:11,2012-10-30 05:06:08,5:333:20037,http://punkoryan.com/phidgetSBC2/2012-10-29-23-32-11.jpg,
In Nest,2012-10-30 05:05:19,2012-10-30 05:07:08,0:1:109,http://punkoryan.com/phidgetSBC2/2012-10-30-05-05-19.jpg,
Out Nest,2012-10-30 05:06:26,2012-10-31 00:30:03,19:1163:69817,http://punkoryan.com/phidgetSBC2/2012-10-30-05-06-26.jpg,
In Nest,2012-10-31 00:29:14,2012-10-31 00:30:49,0:1:95,http://punkoryan.com/phidgetSBC2/2012-10-31-00-29-14.jpg,
Out Nest,2012-10-31 00:30:09,2012-10-31 05:34:12,5:304:18243,http://punkoryan.com/phidgetSBC2/2012-10-31-00-30-09.jpg,
In Nest,2012-10-31 05:33:23,2012-10-31 05:36:59,0:3:216,http://punkoryan.com/phidgetSBC2/2012-10-31-05-33-23.jpg,
Out Nest,2012-10-31 05:36:18,2012-10-31 17:51:01,12:734:44083,http://punkoryan.com/phidgetSBC2/2012-10-31-05-36-18.jpg,
In Nest,2012-10-31 17:50:13,2012-10-31 17:51:48,0:1:95,http://punkoryan.com/phidgetSBC2/2012-10-31-17-50-13.jpg,
Out Nest,2012-10-31 17:51:07,2012-10-31 17:53:30,0:2:143,http://punkoryan.com/phidgetSBC2/2012-10-31-17-51-07.jpg,
In Nest,2012-10-31 17:52:44,2012-10-31 17:54:16,0:1:92,http://punkoryan.com/phidgetSBC2/2012-10-31-17-52-44.jpg,
Out Nest,2012-10-31 17:53:36,2012-10-31 18:08:21,0:14:885,http://punkoryan.com/phidgetSBC2/2012-10-31-17-53-36.jpg,
In Nest,2012-10-31 18:07:33,2012-10-31 18:09:43,0:2:130,http://punkoryan.com/phidgetSBC2/2012-10-31-18-07-33.jpg,
Out Nest,2012-10-31 18:09:03,2012-10-31 18:10:37,0:1:94,http://punkoryan.com/phidgetSBC2/2012-10-31-18-09-03.jpg,
In Nest,2012-10-31 18:09:50,2012-10-31 18:11:24,0:1:94,http://punkoryan.com/phidgetSBC2/2012-10-31-18-09-50.jpg,
Out Nest,2012-10-31 18:10:43,2012-10-31 18:12:19,0:1:96,http://punkoryan.com/phidgetSBC2/2012-10-31-18-10-43.jpg,
In Nest,2012-10-31 18:11:31,2012-10-31 18:13:06,0:1:95,http://punkoryan.com/phidgetSBC2/2012-10-31-18-11-31.jpg,
Out Nest,2012-10-31 18:12:25,2012-10-31 18:14:44,0:2:139,http://punkoryan.com/phidgetSBC2/2012-10-31-18-12-25.jpg,
In Nest,2012-10-31 18:13:55,2012-10-31 18:15:32,0:1:97,http://punkoryan.com/phidgetSBC2/2012-10-31-18-13-55.jpg,
Out Nest,2012-10-31 18:14:50,2012-10-31 18:17:34,0:2:164,http://punkoryan.com/phidgetSBC2/2012-10-31-18-14-50.jpg,
In Nest,2012-10-31 18:16:45,2012-10-31 18:37:00,0:20:1215,http://punkoryan.com/phidgetSBC2/2012-10-31-18-16-45.jpg,
Out Nest,2012-10-31 18:36:20,2012-10-31 18:37:56,0:1:96,http://punkoryan.com/phidgetSBC2/2012-10-31-18-36-20.jpg,
In Nest,2012-10-31 18:37:07,2012-10-31 18:39:07,0:2:120,http://punkoryan.com/phidgetSBC2/2012-10-31-18-37-07.jpg,
Out Nest,2012-10-31 18:38:26,2012-10-31 18:40:08,0:1:102,http://punkoryan.com/phidgetSBC2/2012-10-31-18-38-26.jpg,
In Nest,2012-10-31 18:39:20,2012-10-31 18:45:07,0:5:347,http://punkoryan.com/phidgetSBC2/2012-10-31-18-39-20.jpg,
Out Nest,2012-10-31 18:44:27,2012-10-31 18:46:27,0:2:120,http://punkoryan.com/phidgetSBC2/2012-10-31-18-44-27.jpg,
In Nest,2012-10-31 18:45:39,2012-10-31 18:53:09,0:7:450,http://punkoryan.com/phidgetSBC2/2012-10-31-18-45-39.jpg,
Out Nest,2012-10-31 18:52:29,2012-10-31 18:54:28,0:1:119,http://punkoryan.com/phidgetSBC2/2012-10-31-18-52-29.jpg,
In Nest,2012-10-31 18:53:40,2012-10-31 18:55:15,0:1:95,http://punkoryan.com/phidgetSBC2/2012-10-31-18-53-40.jpg,
Out Nest,2012-10-31 18:54:34,2012-10-31 18:58:00,0:3:206,http://punkoryan.com/phidgetSBC2/2012-10-31-18-54-34.jpg,
In Nest,2012-10-31 18:57:11,2012-10-31 19:00:17,0:3:186,http://punkoryan.com/phidgetSBC2/2012-10-31-18-57-11.jpg,
Out Nest,2012-10-31 18:59:37,2012-10-31 19:01:13,0:1:96,http://punkoryan.com/phidgetSBC2/2012-10-31-18-59-37.jpg,
In Nest,2012-10-31 19:00:24,2012-10-31 19:01:59,0:1:95,http://punkoryan.com/phidgetSBC2/2012-10-31-19-00-24.jpg,
Out Nest,2012-10-31 19:01:19,2012-10-31 19:03:01,0:1:102,http://punkoryan.com/phidgetSBC2/2012-10-31-19-01-19.jpg,
In Nest,2012-10-31 19:02:13,2012-10-31 19:03:48,0:1:95,http://punkoryan.com/phidgetSBC2/2012-10-31-19-02-13.jpg,
Out Nest,2012-10-31 19:03:07,2012-10-31 19:04:44,0:1:97,http://punkoryan.com/phidgetSBC2/2012-10-31-19-03-07.jpg,
In Nest,2012-10-31 19:03:55,2012-10-31 19:09:50,0:5:355,http://punkoryan.com/phidgetSBC2/2012-10-31-19-03-55.jpg,
Out Nest,2012-10-31 19:09:10,2012-10-31 19:10:46,0:1:96,http://punkoryan.com/phidgetSBC2/2012-10-31-19-09-10.jpg,
In Nest,2012-10-31 19:09:57,2012-10-31 19:21:27,0:11:690,http://punkoryan.com/phidgetSBC2/2012-10-31-19-09-57.jpg,
Out Nest,2012-10-31 19:20:48,2012-10-31 19:22:23,0:1:95,http://punkoryan.com/phidgetSBC2/2012-10-31-19-20-48.jpg,
In Nest,2012-10-31 19:21:35,2012-10-31 19:24:04,0:2:149,http://punkoryan.com/phidgetSBC2/2012-10-31-19-21-35.jpg,
Out Nest,2012-10-31 19:23:23,2012-10-31 19:24:57,0:1:94,http://punkoryan.com/phidgetSBC2/2012-10-31-19-23-23.jpg,
In Nest,2012-10-31 19:24:11,2012-10-31 19:26:08,0:1:117,http://punkoryan.com/phidgetSBC2/2012-10-31-19-24-11.jpg,
Out Nest,2012-10-31 19:25:27,2012-10-31 19:27:03,0:1:96,http://punkoryan.com/phidgetSBC2/2012-10-31-19-25-27.jpg,
In Nest,2012-10-31 19:26:15,2012-10-31 19:31:56,0:5:341,http://punkoryan.com/phidgetSBC2/2012-10-31-19-26-15.jpg,
Out Nest,2012-10-31 19:31:16,2012-10-31 19:33:02,0:1:106,http://punkoryan.com/phidgetSBC2/2012-10-31-19-31-16.jpg,
In Nest,2012-10-31 19:32:15,2012-10-31 19:33:47,0:1:92,http://punkoryan.com/phidgetSBC2/2012-10-31-19-32-15.jpg,
Out Nest,2012-10-31 19:33:08,2012-10-31 19:36:34,0:3:206,http://punkoryan.com/phidgetSBC2/2012-10-31-19-33-08.jpg,
In Nest,2012-10-31 19:35:48,2012-10-31 19:37:20,0:1:92,http://punkoryan.com/phidgetSBC2/2012-10-31-19-35-48.jpg,
Out Nest,2012-10-31 19:36:40,2012-10-31 19:40:52,0:4:252,http://punkoryan.com/phidgetSBC2/2012-10-31-19-36-40.jpg,
In Nest,2012-10-31 19:40:04,2012-10-31 19:41:36,0:1:92,http://punkoryan.com/phidgetSBC2/2012-10-31-19-40-04.jpg,
Out Nest,2012-10-31 19:40:58,2012-10-31 19:42:41,0:1:103,http://punkoryan.com/phidgetSBC2/2012-10-31-19-40-58.jpg,
In Nest,2012-10-31 19:41:56,2012-10-31 19:50:41,0:8:525,http://punkoryan.com/phidgetSBC2/2012-10-31-19-41-56.jpg,
Out Nest,2012-10-31 19:50:01,2012-10-31 19:57:37,0:7:456,http://punkoryan.com/phidgetSBC2/2012-10-31-19-50-01.jpg,
In Nest,2012-10-31 19:56:49,2012-10-31 20:03:25,0:6:396,http://punkoryan.com/phidgetSBC2/2012-10-31-19-56-49.jpg,
Out Nest,2012-10-31 20:02:44,2012-10-31 20:04:32,0:1:108,http://punkoryan.com/phidgetSBC2/2012-10-31-20-02-44.jpg,
In Nest,2012-10-31 20:03:44,2012-10-31 20:05:17,0:1:93,http://punkoryan.com/phidgetSBC2/2012-10-31-20-03-44.jpg,
Out Nest,2012-10-31 20:04:38,2012-10-31 20:06:30,0:1:112,http://punkoryan.com/phidgetSBC2/2012-10-31-20-04-38.jpg,
In Nest,2012-10-31 20:05:43,2012-10-31 20:07:17,0:1:94,http://punkoryan.com/phidgetSBC2/2012-10-31-20-05-43.jpg,
Out Nest,2012-10-31 20:06:36,2012-10-31 20:09:42,0:3:186,http://punkoryan.com/phidgetSBC2/2012-10-31-20-06-36.jpg,
In Nest,2012-10-31 20:08:54,2012-10-31 20:12:05,0:3:191,http://punkoryan.com/phidgetSBC2/2012-10-31-20-08-54.jpg,
Out Nest,2012-10-31 20:11:24,2012-10-31 20:13:00,0:1:96,http://punkoryan.com/phidgetSBC2/2012-10-31-20-11-24.jpg,
In Nest,2012-10-31 20:12:12,2012-10-31 20:15:03,0:2:171,http://punkoryan.com/phidgetSBC2/2012-10-31-20-12-12.jpg,
Out Nest,2012-10-31 20:14:24,2012-10-31 20:16:00,0:1:96,http://punkoryan.com/phidgetSBC2/2012-10-31-20-14-24.jpg,
In Nest,2012-10-31 20:15:11,2012-10-31 20:26:41,0:11:690,http://punkoryan.com/phidgetSBC2/2012-10-31-20-15-11.jpg,
Out Nest,2012-10-31 20:26:02,2012-10-31 20:27:36,0:1:94,http://punkoryan.com/phidgetSBC2/2012-10-31-20-26-02.jpg,
In Nest,2012-10-31 20:26:48,2012-10-31 20:28:22,0:1:94,http://punkoryan.com/phidgetSBC2/2012-10-31-20-26-48.jpg,
Out Nest,2012-10-31 20:27:42,2012-10-31 20:46:39,0:18:1137,http://punkoryan.com/phidgetSBC2/2012-10-31-20-27-42.jpg,
In Nest,2012-10-31 20:45:51,2012-10-31 20:47:24,0:1:93,http://punkoryan.com/phidgetSBC2/2012-10-31-20-45-51.jpg,
Out Nest,2012-10-31 20:46:45,2012-10-31 20:48:19,0:1:94,http://punkoryan.com/phidgetSBC2/2012-10-31-20-46-45.jpg,
In Nest,2012-10-31 20:47:31,2012-10-31 21:18:49,0:31:1878,http://punkoryan.com/phidgetSBC2/2012-10-31-20-47-31.jpg,
Out Nest,2012-10-31 21:18:08,2012-10-31 21:19:45,0:1:97,http://punkoryan.com/phidgetSBC2/2012-10-31-21-18-08.jpg,
In Nest,2012-10-31 21:18:56,2012-10-31 21:20:30,0:1:94,http://punkoryan.com/phidgetSBC2/2012-10-31-21-18-56.jpg,
Out Nest,2012-10-31 21:20:22,2012-10-31 21:20:54,0:0:32,http://punkoryan.com/phidgetSBC2/2012-10-31-21-20-22.jpg,
In Nest,2012-10-31 21:20:43,2012-10-31 21:26:24,0:5:341,http://punkoryan.com/phidgetSBC2/2012-10-31-21-20-43.jpg,
Out Nest,2012-10-31 21:25:43,2012-10-31 22:28:14,1:62:3751,http://punkoryan.com/phidgetSBC2/2012-10-31-21-25-43.jpg,
In Nest,2012-10-31 22:27:26,2012-10-31 22:29:02,0:1:96,http://punkoryan.com/phidgetSBC2/2012-10-31-22-27-26.jpg,
Out Nest,2012-10-31 22:28:21,2012-10-31 22:38:15,0:9:594,http://punkoryan.com/phidgetSBC2/2012-10-31-22-28-21.jpg,
In Nest,2012-10-31 22:37:28,2012-10-31 22:39:44,0:2:136,http://punkoryan.com/phidgetSBC2/2012-10-31-22-37-28.jpg,
Out Nest,2012-10-31 22:39:03,2012-10-31 22:41:10,0:2:127,http://punkoryan.com/phidgetSBC2/2012-10-31-22-39-03.jpg,
In Nest,2012-10-31 22:40:21,2012-10-31 22:44:32,0:4:251,http://punkoryan.com/phidgetSBC2/2012-10-31-22-40-21.jpg,
Out Nest,2012-10-31 22:43:52,2012-10-31 22:45:27,0:1:95,http://punkoryan.com/phidgetSBC2/2012-10-31-22-43-52.jpg,
In Nest,2012-10-31 22:44:39,2012-10-31 22:46:50,0:2:131,http://punkoryan.com/phidgetSBC2/2012-10-31-22-44-39.jpg,
Out Nest,2012-10-31 22:46:09,2012-10-31 22:47:52,0:1:103,http://punkoryan.com/phidgetSBC2/2012-10-31-22-46-09.jpg,
In Nest,2012-10-31 22:47:03,2012-10-31 22:49:15,0:2:132,http://punkoryan.com/phidgetSBC2/2012-10-31-22-47-03.jpg,
Out Nest,2012-10-31 22:48:34,2012-10-31 22:51:33,0:2:179,http://punkoryan.com/phidgetSBC2/2012-10-31-22-48-34.jpg,
In Nest,2012-10-31 22:50:46,2012-10-31 22:52:19,0:1:93,http://punkoryan.com/phidgetSBC2/2012-10-31-22-50-46.jpg,
Out Nest,2012-10-31 22:51:39,2012-10-31 22:53:11,0:1:92,http://punkoryan.com/phidgetSBC2/2012-10-31-22-51-39.jpg,
In Nest,2012-10-31 22:52:26,2012-10-31 22:53:57,0:1:91,http://punkoryan.com/phidgetSBC2/2012-10-31-22-52-26.jpg,
Out Nest,2012-10-31 22:53:17